0,   O_LARA
1,   O_LARA_PISTOLS
2,   O_LARA_SHOTGUN
3,   O_LARA_MAGNUMS
4,   O_LARA_UZIS
5,   O_LARA_EXTRA
6,   O_BACON_LARA
7,   O_WOLF
8,   O_BEAR
9,   O_BAT
10,  O_CROCODILE
11,  O_ALLIGATOR
12,  O_LION
13,  O_LIONESS
14,  O_PUMA
15,  O_APE
16,  O_RAT
17,  O_VOLE
18,  O_TREX
19,  O_RAPTOR
20,  O_WARRIOR_1
21,  O_WARRIOR_2
22,  O_WARRIOR_3
23,  O_CENTAUR
24,  O_MUMMY
25,  O_DINO_WARRIOR
26,  O_FISH
27,  O_LARSON
28,  O_PIERRE
29,  O_SKATEBOARD
30,  O_SKATEKID
31,  O_COWBOY
32,  O_BALDY
33,  O_NATLA
34,  O_TORSO
35,  O_FALLING_BLOCK_1
36,  O_PENDULUM_1
37,  O_SPIKES
38,  O_ROLLING_BALL_1
39,  O_DART
40,  O_DART_EMITTER
41,  O_DRAWBRIDGE
42,  O_TEETH_TRAP
43,  O_DAMOCLES_SWORD
44,  O_THORS_HANDLE
45,  O_THORS_HEAD
46,  O_LIGHTNING_EMITTER
47,  O_MOVING_BAR
48,  O_MOVABLE_BLOCK_1
49,  O_MOVABLE_BLOCK_2
50,  O_MOVABLE_BLOCK_3
51,  O_MOVABLE_BLOCK_4
52,  O_SLIDING_PILLAR
53,  O_FALLING_CEILING_1
54,  O_FALLING_CEILING_2
55,  O_SWITCH_TYPE_NORMAL
56,  O_SWITCH_TYPE_UW
57,  O_DOOR_TYPE_1
58,  O_DOOR_TYPE_2
59,  O_DOOR_TYPE_3
60,  O_DOOR_TYPE_4
61,  O_DOOR_TYPE_5
62,  O_DOOR_TYPE_6
63,  O_DOOR_TYPE_7
64,  O_DOOR_TYPE_8
65,  O_TRAPDOOR_TYPE_1
66,  O_TRAPDOOR_TYPE_2
67,  O_TRAPDOOR_TYPE_3
68,  O_BRIDGE_FLAT
69,  O_BRIDGE_TILT_1
70,  O_BRIDGE_TILT_2
71,  O_PASSPORT_OPTION
72,  O_COMPASS_OPTION
73,  O_PHOTO_OPTION
74,  O_COG_1
75,  O_COG_2
76,  O_COG_3
77,  O_PLAYER_1
78,  O_PLAYER_2
79,  O_PLAYER_3
80,  O_PLAYER_4
81,  O_PASSPORT_CLOSED
82,  O_PDA_OPTION
83,  O_SAVEGAME_ITEM
84,  O_PISTOL_ITEM
85,  O_SHOTGUN_ITEM
86,  O_MAGNUM_ITEM
87,  O_UZI_ITEM
88,  O_PISTOL_AMMO_ITEM
89,  O_SHOTGUN_AMMO_ITEM
90,  O_MAGNUM_AMMO_ITEM
91,  O_UZI_AMMO_ITEM
92,  O_EXPLOSIVE_ITEM
93,  O_SMALL_MEDIPACK_ITEM
94,  O_LARGE_MEDIPACK_ITEM
95,  O_DETAIL_OPTION
96,  O_SOUND_OPTION
97,  O_CONTROL_OPTION
98,  O_GAMMA_OPTION
99,  O_PISTOL_OPTION
100, O_SHOTGUN_OPTION
101, O_MAGNUM_OPTION
102, O_UZI_OPTION
103, O_PISTOL_AMMO_OPTION
104, O_SHOTGUN_AMMO_OPTION
105, O_MAGNUM_AMMO_OPTION
106, O_UZI_AMMO_OPTION
107, O_EXPLOSIVE_OPTION
108, O_SMALL_MEDIPACK_OPTION
109, O_LARGE_MEDIPACK_OPTION
110, O_PUZZLE_ITEM_1
111, O_PUZZLE_ITEM_2
112, O_PUZZLE_ITEM_3
113, O_PUZZLE_ITEM_4
114, O_PUZZLE_OPTION_1
115, O_PUZZLE_OPTION_2
116, O_PUZZLE_OPTION_3
117, O_PUZZLE_OPTION_4
118, O_PUZZLE_HOLE_1
119, O_PUZZLE_HOLE_2
120, O_PUZZLE_HOLE_3
121, O_PUZZLE_HOLE_4
122, O_PUZZLE_DONE_1
123, O_PUZZLE_DONE_2
124, O_PUZZLE_DONE_3
125, O_PUZZLE_DONE_4
126, O_LEADBAR_ITEM
127, O_LEADBAR_OPTION
128, O_MIDAS_TOUCH
129, O_KEY_ITEM_1
130, O_KEY_ITEM_2
131, O_KEY_ITEM_3
132, O_KEY_ITEM_4
133, O_KEY_OPTION_1
134, O_KEY_OPTION_2
135, O_KEY_OPTION_3
136, O_KEY_OPTION_4
137, O_KEY_HOLE_1
138, O_KEY_HOLE_2
139, O_KEY_HOLE_3
140, O_KEY_HOLE_4
141, O_PICKUP_ITEM_1
142, O_PICKUP_ITEM_2
143, O_SCION_ITEM_1
144, O_SCION_ITEM_2
145, O_SCION_ITEM_3
146, O_SCION_ITEM_4
147, O_SCION_HOLDER
148, O_PICKUP_OPTION_1
149, O_PICKUP_OPTION_2
150, O_SCION_OPTION
151, O_EXPLOSION_1
152, O_EXPLOSION_2
153, O_SPLASH_1
154, O_SPLASH_2
155, O_BUBBLE_1
156, O_BUBBLE_2
157, O_BUBBLE_EMITTER
158, O_BLOOD_1
159, O_BLOOD_2
160, O_DART_EFFECT
161, O_CENTAUR_STATUE
162, O_PORTACABIN
163, O_PODS
164, O_RICOCHET
165, O_TWINKLE
166, O_GUN_FLASH
167, O_DUST
168, O_BODY_PART
169, O_CAMERA_TARGET
170, O_WATERFALL
171, O_MISSILE_1
172, O_MISSILE_2
173, O_MISSILE_3
174, O_MISSILE_4
175, O_MISSILE_5
176, O_EMBER
177, O_EMBER_EMITTER
178, O_FLAME
179, O_FLAME_EMITTER
180, O_LAVA_WEDGE
181, O_BIG_POD
182, O_MOTOR_BOAT
183, O_EARTHQUAKE
184, O_SKYBOX
185, O_PICKUP_AID
186, O_GLOW
187, O_FLAREBOX_ITEM
188, O_FLAREBOX_OPTION
189, O_LARA_HAIR
190, O_ALPHABET
191, O_WINSTON
192, O_LARA_FLARE
193, O_FLARE_ITEM
194, O_FLARE_FIRE
195, O_LARA_EXTRA_SKIN_TREX
196, O_LARA_EXTRA_SKIN_MIDAS
197, O_LARA_EXTRA_SKIN_DAGGER_1
198, O_LARA_EXTRA_SKIN_DAGGER_2
199, O_LARA_HAIR_SWAP
200, O_LARA_HAIR_BODY_SWAP
201, O_LARA_M16
202, O_LARA_GRENADE_GUN
203, O_LARA_HARPOON_GUN
204, O_M16_OPTION
205, O_GRENADE_GUN_OPTION
206, O_HARPOON_OPTION
207, O_M16_AMMO_OPTION
208, O_GRENADE_AMMO_OPTION
209, O_HARPOON_AMMO_OPTION
210, O_M16_FLASH
211, O_GRENADE
212, O_HARPOON_BOLT
241, O_M16_ITEM
242, O_GRENADE_GUN_ITEM
243, O_HARPOON_ITEM
244, O_M16_AMMO_ITEM
245, O_GRENADE_AMMO_ITEM
246, O_HARPOON_AMMO_ITEM
