0, ITEM_ACTION_TURN_180
1, ITEM_ACTION_FLOOR_SHAKE
2, ITEM_ACTION_LARA_NORMAL
3, ITEM_ACTION_BUBBLES
4, ITEM_ACTION_FINISH_LEVEL
5, ITEM_ACTION_FLOOD
6, ITEM_ACTION_CHANDELIER
7, ITEM_ACTION_RUBBLE
8, ITEM_ACTION_PISTON
9, ITEM_ACTION_CURTAIN
10, ITEM_ACTION_SET_CHANGE
11, ITEM_ACTION_EXPLOSION
12, ITEM_ACTION_LARA_HANDS_FREE
13, ITEM_ACTION_FLIP_MAP
14, ITEM_ACTION_LARA_DRAW_RIGHT_GUN
15, ITEM_ACTION_LARA_DRAW_LEFT_GUN
18, ITEM_ACTION_SWAP_MESHES_WITH_MESH_SWAP_1
19, ITEM_ACTION_SWAP_MESHES_WITH_MESH_SWAP_2
20, ITEM_ACTION_SWAP_MESHES_WITH_MESH_SWAP_3
21, ITEM_ACTION_INVISIBILITY_ON
22, ITEM_ACTION_INVISIBILITY_OFF
23, ITEM_ACTION_DYNAMIC_LIGHT_ON
24, ITEM_ACTION_DYNAMIC_LIGHT_OFF
25, ITEM_ACTION_STATUE
26, ITEM_ACTION_RESET_HAIR
27, ITEM_ACTION_BOILER
28, ITEM_ACTION_ASSAULT_RESET
29, ITEM_ACTION_ASSAULT_STOP
30, ITEM_ACTION_ASSAULT_START
31, ITEM_ACTION_ASSAULT_FINISHED
32, ITEM_ACTION_SHADOW_ON
33, ITEM_ACTION_SHADOW_OFF
